personaId,1. Sadness,2. Pessimism,3. Past Failure,4. Loss of Pleasure,5. Guilty Feelings,6. Punishment Feelings,7. Self-Dislike,8. Self-Criticalness,9. Suicidal Thoughts or Wishes,10. Crying,11. Agitation,12. Loss of Interest,13. Indecisiveness,14. Worthlessness,15. Loss of Energy,16. Changes in Sleeping Pattern,17. Irritability,18. Changes in Appetite,19. Concentration Difficulty,20. Tiredness or Fatigue,21. Loss of Interest in Sex,BDI Total,Severity
0,1,2,2,2,2,1,1,2,0,2,1,1,2,2,2,2,1,1,2,2,2,33,Severe
1,1,1,1,1,1,0,0,1,0,0,1,2,1,0,1,0,1,0,1,1,0,14,Mild
2,0,0,2,1,2,1,1,2,0,0,2,0,1,0,1,1,1,1,1,2,0,19,Mild
3,2,2,2,2,2,1,1,2,2,1,1,2,2,2,2,2,1,2,2,1,2,36,Severe
4,2,2,2,2,2,1,2,2,0,1,2,2,2,1,2,2,2,2,2,2,3,38,Severe
5,2,1,2,2,2,2,2,2,1,0,2,2,2,2,2,1,2,2,2,2,2,37,Severe
6,2,2,2,2,2,2,1,2,1,2,2,2,2,2,2,2,1,3,2,2,3,41,Severe
7,2,1,2,1,2,2,1,1,1,2,1,2,1,1,2,2,1,2,2,2,3,34,Severe
8,0,0,1,1,0,1,0,1,0,1,1,1,1,0,1,1,1,1,1,1,2,16,Mild
9,1,1,1,1,1,1,1,1,0,0,1,1,1,0,1,1,1,1,1,1,1,18,Mild
10,1,1,0,1,0,0,0,1,0,0,1,1,1,0,1,1,1,1,1,1,2,15,Mild
11,1,1,1,1,2,0,1,2,0,1,1,1,2,1,1,2,1,2,2,2,2,27,Moderate
12,1,1,1,1,1,1,1,1,0,1,1,1,1,1,1,1,1,1,1,1,1,20,Moderate
13,1,1,1,1,1,0,1,1,0,1,1,2,1,1,1,2,2,2,1,2,1,24,Moderate
14,2,1,1,2,2,1,1,2,2,2,2,2,2,2,2,3,2,2,2,2,2,39,Severe
15,2,2,2,2,2,1,2,2,1,1,1,2,1,1,2,1,2,2,2,2,2,35,Severe
16,0,0,0,0,1,1,0,0,0,0,0,0,0,0,0,0,0,0,0,1,0,3,Minimal
17,0,0,1,1,1,0,0,1,0,0,1,1,1,0,1,1,2,1,0,1,1,14,Mild
18,0,0,0,1,0,0,0,0,0,0,0,0,0,0,0,1,0,0,0,0,0,2,Minimal
19,1,1,0,1,0,1,0,0,0,0,0,0,1,1,1,1,1,1,1,1,1,13,Minimal