personaId,clinicianId,1. Sadness,2. Pessimism,3. Past Failure,4. Loss of Pleasure,5. Guilty Feelings,6. Punishment Feelings,7. Self-Dislike,8. Self-Criticalness,9. Suicidal Thoughts or Wishes,10. Crying,11. Agitation,12. Loss of Interest,13. Indecisiveness,14. Worthlessness,15. Loss of Energy,16. Changes in Sleeping Pattern,17. Irritability,18. Changes in Appetite,19. Concentration Difficulty,20. Tiredness or Fatigue,21. Loss of Interest in Sex,BDI Total,Severity
0,1,3,3,3,3,3,1,3,3,2,3,0,0,3,3,2,3,3,1,2,3,3,50,Severe
0,2,1,1,1,2,2,1,1,2,1,1,1,2,1,1,2,2,1,1,2,2,3,31,Severe
0,3,2,3,2,2,3,2,0,2,0,1,2,1,2,2,2,2,2,0,3,2,2,37,Severe
0,50,2,2,3,2,0,2,3,2,0,3,2,2,3,3,3,2,2,2,3,2,0,43,Severe
0,51,1,1,2,3,2,1,2,2,0,2,2,3,2,1,2,3,1,2,2,2,3,39,Severe
1,4,1,1,1,3,1,1,1,1,0,0,2,3,2,1,2,2,2,2,2,2,0,30,Severe
1,5,1,0,0,1,1,0,0,0,0,0,0,0,1,0,1,1,1,1,1,1,0,10,Minimal
1,6,1,1,1,1,1,1,0,1,1,1,1,1,1,1,2,1,1,0,1,1,1,20,Moderate
1,37,1,2,2,0,2,2,2,2,0,0,2,3,1,0,2,0,0,0,2,0,0,23,Moderate
1,49,2,1,1,2,1,0,1,2,0,0,2,3,2,1,1,0,1,0,1,1,1,23,Moderate
2,7,3,1,3,3,3,3,3,2,2,1,2,1,2,2,1,0,3,1,0,3,1,40,Severe
2,8,0,0,3,0,2,0,1,3,0,0,2,0,1,0,3,3,2,2,2,3,0,27,Moderate
2,9,0,0,2,2,2,0,0,1,0,1,3,1,1,0,1,1,0,1,1,1,1,19,Mild
2,36,0,0,2,1,1,3,0,2,2,1,1,2,2,0,1,1,2,1,2,3,1,28,Moderate
2,39,0,2,0,0,2,0,1,3,0,0,2,0,0,1,2,0,2,0,1,3,1,20,Moderate
3,10,2,2,3,2,3,3,1,2,2,0,1,3,3,1,3,3,2,3,3,0,3,45,Severe
3,11,2,3,2,3,2,1,1,3,3,1,2,1,3,3,3,2,0,3,1,3,3,45,Severe
3,12,1,1,1,1,1,1,1,2,0,2,1,1,2,2,2,1,2,1,2,1,1,27,Moderate
3,46,2,1,2,2,3,1,2,1,2,3,0,3,2,1,2,2,2,2,2,2,2,39,Severe
3,48,3,3,2,2,3,2,3,3,3,0,3,3,1,3,3,3,3,1,3,3,3,53,Severe
4,13,2,3,0,2,2,1,3,3,0,0,1,3,3,3,3,2,2,3,3,2,3,44,Severe
4,14,1,0,1,2,2,1,1,1,0,0,1,2,2,0,2,2,2,3,2,2,3,30,Severe
4,15,1,1,3,0,1,1,2,2,0,2,2,2,1,1,1,2,2,2,2,1,3,32,Severe
4,37,3,3,3,3,2,2,3,3,0,3,3,3,2,3,3,3,3,0,3,2,3,53,Severe
4,41,3,3,3,3,3,2,3,3,3,3,3,3,3,2,2,3,3,3,3,3,3,60,Severe
5,14,0,0,0,2,0,0,0,0,1,0,0,2,2,0,2,1,0,1,2,2,0,15,Mild
5,16,2,0,2,2,3,3,3,3,0,0,3,3,2,3,2,3,3,3,3,0,3,46,Severe
5,17,3,3,3,3,2,2,3,3,3,2,3,3,3,3,3,2,3,3,2,3,3,58,Severe
5,37,3,3,3,3,3,3,3,3,0,0,2,3,3,3,3,0,1,3,3,2,3,50,Severe
5,40,3,3,3,3,2,3,3,3,1,1,2,2,3,3,3,3,3,3,3,3,3,56,Severe
6,18,3,3,3,3,1,2,1,2,1,2,2,1,2,3,1,2,2,3,3,3,3,46,Severe
6,19,3,3,3,3,3,1,2,3,0,3,3,3,3,3,3,2,3,3,3,3,3,56,Severe
6,20,1,1,0,3,3,2,1,2,1,2,3,2,2,3,2,3,0,3,3,2,3,42,Severe
6,35,3,2,3,2,2,3,3,2,3,2,2,3,3,1,2,3,1,3,1,3,3,50,Severe
6,39,2,2,3,3,2,2,1,2,1,1,2,3,1,2,3,3,1,3,2,3,3,45,Severe
7,9,3,3,3,3,3,3,3,3,1,3,3,2,3,2,3,3,3,2,3,3,3,58,Severe
7,19,3,1,3,2,3,1,1,2,1,3,1,2,1,3,3,2,1,3,1,3,3,43,Severe
7,21,3,2,2,1,2,2,1,1,1,1,0,3,0,0,3,3,1,3,1,3,3,36,Severe
7,43,3,2,1,2,1,1,1,1,1,1,2,2,2,1,1,0,1,0,3,1,3,30,Severe
7,47,2,1,2,1,1,3,1,2,1,2,2,2,3,2,2,3,2,3,3,2,3,43,Severe
8,5,1,1,1,1,0,0,0,1,0,1,1,1,1,1,1,1,1,1,1,1,1,17,Mild
8,12,1,1,1,1,1,1,0,1,1,1,1,1,1,0,1,1,1,1,1,1,1,19,Mild
8,22,1,0,1,2,1,1,1,1,0,1,1,2,2,1,2,2,1,2,1,1,3,27,Moderate
8,33,1,1,2,2,1,2,0,1,0,1,1,2,1,0,1,1,1,1,1,2,3,25,Moderate
8,46,0,1,1,2,1,1,1,3,2,1,1,2,2,2,3,2,2,3,2,2,2,36,Severe
9,8,1,3,1,2,0,0,2,3,0,0,2,2,2,0,3,2,2,2,1,3,0,31,Severe
9,14,0,0,1,0,2,1,1,1,0,0,0,2,0,0,1,2,1,1,1,1,1,16,Mild
9,23,1,1,0,1,0,1,3,2,0,0,1,0,1,0,0,3,0,2,1,1,1,19,Mild
9,41,3,1,3,3,2,2,1,2,3,3,3,3,3,2,3,1,3,2,1,3,1,48,Severe
9,45,1,1,1,2,1,1,2,1,0,0,0,2,1,1,2,0,2,2,2,1,3,26,Moderate
10,11,2,3,2,3,1,0,0,3,0,0,0,3,3,2,2,1,0,3,3,3,3,37,Severe
10,14,2,1,0,2,0,0,1,1,0,1,1,2,0,0,2,2,2,2,1,1,2,23,Moderate
10,22,1,1,0,1,0,0,0,0,0,0,1,1,1,0,1,1,1,1,1,1,3,15,Mild
10,39,1,2,1,2,2,0,1,2,0,0,2,3,2,1,2,3,3,2,2,3,2,36,Severe
10,40,0,1,0,1,0,0,0,1,0,0,2,0,1,0,1,0,1,1,1,1,1,12,Minimal
11,4,2,2,1,0,2,0,2,2,0,3,0,2,2,2,1,3,0,3,3,2,0,32,Severe
11,11,2,2,2,0,3,0,2,3,0,0,0,0,3,2,2,3,1,2,1,3,2,33,Severe
11,15,1,2,1,2,1,0,1,1,0,0,0,2,2,1,1,1,2,1,1,1,2,23,Moderate
11,24,1,2,1,3,2,2,2,2,0,0,2,3,3,2,3,3,2,3,3,3,3,45,Severe
11,45,2,1,1,2,2,2,2,3,1,2,3,2,3,1,2,2,2,2,3,2,3,43,Severe
12,2,1,2,1,2,1,1,1,1,1,2,2,2,2,1,2,1,2,1,2,2,2,32,Severe
12,23,3,2,2,2,2,1,2,2,1,1,1,2,1,1,2,2,3,3,1,1,3,38,Severe
12,25,0,0,1,0,2,0,0,0,0,0,0,0,0,0,0,2,0,1,0,2,0,8,Minimal
12,26,2,3,3,2,2,1,2,2,0,1,2,3,3,2,2,3,1,3,1,2,1,41,Severe
12,43,1,1,1,2,2,2,2,1,1,1,0,1,2,1,2,1,1,1,1,2,0,26,Moderate
13,4,1,1,2,2,2,1,2,2,0,3,1,3,2,1,2,3,2,2,1,2,3,38,Severe
13,14,0,1,0,2,0,0,1,1,0,0,2,2,2,2,2,3,2,3,3,2,3,31,Severe
13,27,1,1,1,1,1,0,1,1,1,1,2,1,1,1,1,0,2,1,0,2,0,20,Moderate
13,40,0,2,1,2,2,1,2,2,1,2,2,2,3,2,1,3,2,3,3,2,3,41,Severe
13,44,3,3,3,0,1,2,2,2,0,3,2,3,1,1,2,3,3,3,2,3,0,42,Severe
14,19,2,0,3,1,3,0,0,0,2,3,0,2,2,3,2,3,2,3,3,3,3,40,Severe
14,28,2,2,3,3,2,2,2,2,1,3,3,3,3,2,3,3,3,3,0,2,2,49,Severe
14,29,1,3,1,3,3,1,3,3,3,3,3,3,3,2,3,3,3,3,3,3,3,56,Severe
14,34,3,2,2,3,3,1,2,3,2,2,2,1,1,1,2,3,2,3,3,2,3,46,Severe
14,39,2,2,0,3,1,1,1,2,3,0,2,2,1,2,2,3,2,2,1,2,0,34,Severe
15,5,1,1,1,1,1,1,1,1,1,1,1,1,1,1,1,1,1,1,1,1,1,21,Moderate
15,8,3,3,2,3,3,2,3,3,2,3,2,3,1,3,3,1,2,2,3,3,3,53,Severe
15,30,2,2,1,3,2,2,1,1,1,1,1,2,2,1,1,2,2,2,2,2,2,35,Severe
15,36,3,2,3,2,3,1,3,3,3,2,2,2,3,2,3,1,3,3,3,3,3,53,Severe
15,39,2,2,3,2,3,2,2,2,0,0,1,2,2,2,3,2,2,3,2,2,3,42,Severe
16,4,0,0,0,0,1,2,1,1,0,0,1,0,0,1,1,0,0,0,0,2,0,10,Minimal
16,9,1,3,0,3,2,1,0,1,0,2,1,0,1,0,0,1,0,1,1,1,0,19,Mild
16,11,0,0,0,0,2,3,0,1,0,0,0,2,2,0,1,0,1,0,1,2,2,17,Mild
16,34,0,0,0,0,0,0,0,0,0,0,1,0,0,0,1,0,0,0,1,2,0,5,Minimal
16,43,0,0,0,0,0,0,0,1,0,0,0,0,1,0,1,1,1,0,1,2,0,8,Minimal
17,1,0,0,3,3,3,0,0,2,0,3,3,2,1,0,0,3,3,0,0,1,2,29,Severe
17,4,1,1,2,1,1,0,1,1,0,1,1,2,1,1,1,0,2,0,0,0,0,17,Mild
17,23,2,0,1,2,1,1,1,2,0,0,2,1,1,1,0,1,2,1,1,2,1,23,Moderate
17,31,0,0,0,1,0,0,0,0,0,0,1,3,1,0,2,0,1,3,0,2,2,16,Mild
17,35,1,3,3,1,2,0,0,1,0,0,1,1,3,0,3,3,3,1,2,3,2,33,Severe
18,5,0,0,0,1,0,0,0,0,0,0,0,0,0,0,0,0,0,1,0,0,1,3,Minimal
18,12,0,0,0,1,0,0,0,0,0,0,0,0,0,0,1,1,0,0,0,1,0,4,Minimal
18,23,0,0,0,2,0,0,1,0,0,1,1,2,1,0,0,1,1,0,1,2,1,14,Mild
18,32,1,1,2,1,1,0,0,1,0,0,1,1,1,0,1,1,1,1,1,1,1,17,Mild
18,42,0,0,0,0,0,0,0,0,0,0,0,0,0,0,0,3,0,0,0,0,0,3,Minimal
19,1,3,1,1,3,2,2,0,0,0,0,2,0,3,2,3,2,3,3,3,3,2,38,Severe
19,5,0,0,0,1,1,0,0,1,0,0,1,0,1,0,1,1,1,0,1,1,1,11,Minimal
19,32,3,3,3,1,0,2,2,3,0,3,1,1,3,3,3,2,2,2,3,3,3,46,Severe
19,37,0,0,0,0,0,0,0,0,0,0,0,0,0,0,0,0,0,0,0,0,0,0,Minimal
19,38,1,1,0,2,1,1,1,0,0,1,0,3,2,0,1,3,2,3,2,1,3,28,Moderate